Brand,Model,Variant,Year,Milage,Manual_Automatic,Price_rating,Price
JAECOO,,,,,,No Rating,
JAECOO,,,,,,No Rating,
JAECOO,,,,,,No Rating,
JAECOO,Jaecoo J5,1.5T Core,Jaec,5 000,Automatic,No Rating,R 309 950
JAECOO,Jaecoo J7,1.6T Inferno AWD,Jaec,9 000,Automatic,Great Price,R 499 900
JAECOO,Jaecoo J7,1.6T Inferno AWD,Jaec,18 500,Automatic,Great Price,R 499 950
JAECOO,Jaecoo J7,1.6T Vortex,Jaec,Automa,Petrol,No Rating,R 519 900
JAECOO,Jaecoo J7,1.5T SHS,Jaec,Automa,Hybrid,No Rating,R 639 900
JAECOO,Jaecoo J7,1.5T SHS,Jaec,Automa,Hybrid,No Rating,R 639 900
JAECOO,Jaecoo J5,1.5T Vortex,Jaec,Automa,Petrol,No Rating,R 369 900
JAECOO,ined,,ined,,,,
JAECOO,Jaecoo J5,1.5T Vortex,Jaec,Automa,Petrol,No Rating,R 369 900
JAECOO,Jaecoo J5,1.5T Vortex,Jaec,Automa,Petrol,No Rating,R 369 900
JAECOO,Jaecoo J7,1.6T Glacier,Jaec,Automa,Petrol,No Rating,R 569 900
JAECOO,,,,,,No Rating,
JAECOO,,,,,,No Rating,
JAECOO,,,,,,No Rating,
JAECOO,Jaecoo J5,1.5T Glacier,Jaec,141,Automatic,No Rating,R 439 900
JAECOO,Jaecoo J5,1.5T Glacier,Jaec,Automa,Petrol,No Rating,R 429 900
JAECOO,Jaecoo J5,1.5T Vortex,Jaec,Automa,Petrol,No Rating,R 369 900
JAECOO,Jaecoo J7,1.5T SHS,Jaec,7 000,Automatic,Fair Price,R 589 900
JAECOO,Jaecoo J7,1.5T SHS,Jaec,17 000,Automatic,Fair Price,R 579 899
JAECOO,Jaecoo J7,1.5T SHS,Jaec,1 000,Automatic,No Rating,R 639 900
JAECOO,Jaecoo J7,1.6T Vortex,Jaec,1 000,Automatic,No Rating,R 459 900
JAECOO,Jaecoo J7,1.5T SHS,Jaec,18,Automatic,Fair Price,R 624 800
JAECOO,Jaecoo J5,1.5T Inferno,Jaec,Automa,Petrol,No Rating,R 459 890
JAECOO,Jaecoo J5,1.5T Vortex,Jaec,Automa,Petrol,No Rating,R 360 121
JAECOO,Jaecoo J5,1.5T Glacier,Jaec,Automa,Petrol,No Rating,R 412 846
JAECOO,Jaecoo J7,1.6T Glacier,Jaec,Automa,Petrol,No Rating,R 569 900
JAECOO,Jaecoo J5,1.5T Vortex,Jaec,113,Automatic,No Rating,R 367 000
JAECOO,Jaecoo J5,1.5T Glacier,Jaec,Automa,Petrol,No Rating,R 419 900
JAECOO,Jaecoo J7,1.6T Glacier,Jaec,Automa,Petrol,No Rating,R 539 900
JAECOO,,,,,,No Rating,
JAECOO,,,,,,No Rating,
JAECOO,,,,,,No Rating,
JAECOO,Jaecoo J5,1.5T Glacier,Jaec,Automa,Petrol,No Rating,R 412 846
JAECOO,Jaecoo J7,1.5T SHS,Jaec,1 500,Automatic,Great Price,R 609 900
JAECOO,Jaecoo J5,1.5T Vortex,Jaec,Automa,Petrol,No Rating,R 369 900
JAECOO,Jaecoo J5,1.5T Vortex,Jaec,Automa,Petrol,No Rating,R 369 900
JAECOO,Jaecoo J5,1.5T Glacier,Jaec,6 500,Automatic,No Rating,R 429 900
JAECOO,Jaecoo J5,1.5T Inferno,Jaec,Automa,Petrol,No Rating,R 459 890
JAECOO,Jaecoo J7,1.5T SHS,Jaec,1 000,Automatic,No Rating,R 639 900
JAECOO,Jaecoo J7,1.6T Vortex,Jaec,1 000,Automatic,No Rating,R 459 900
JAECOO,Jaecoo J5,1.5T Vortex,Jaec,Automa,Petrol,No Rating,R 360 121
JAECOO,Jaecoo J7,1.5T SHS,Jaec,17 000,Automatic,Fair Price,R 579 899
JAECOO,,,,,,No Rating,
JAECOO,,,,,,No Rating,
JAECOO,,,,,,No Rating,
JAECOO,Jaecoo J7,1.6T Glacier,Jaec,Automa,Petrol,No Rating,R 569 900
JAECOO,ined,,ined,,,,
JAECOO,Jaecoo J7,1.5T SHS,Jaec,5 600,Automatic,Great Price,R 589 900
JAECOO,Jaecoo J7,1.6T Glacier,Jaec,10 000,Automatic,Great Price,R 449 995
JAECOO,Jaecoo J7,1.6T Glacier,Jaec,Automa,Petrol,No Rating,R 569 900
JAECOO,Jaecoo J7,1.6T Glacier,Jaec,10 000,Automatic,Fair Price,R 489 900
JAECOO,Jaecoo J7,1.6T Glacier,Jaec,9 500,Automatic,No Rating,R 539 900
JAECOO,Jaecoo J7,1.5T SHS,Jaec,9 650,Automatic,No Rating,R 599 900
JAECOO,Jaecoo J5,1.5T Glacier,Jaec,Automa,Petrol,No Rating,R 429 900
JAECOO,Jaecoo J5,1.5T Glacier,Jaec,Automa,Petrol,No Rating,R 429 900
JAECOO,Jaecoo J5,1.5T Core,Jaec,100,Automatic,No Rating,R 319 950
JAECOO,Jaecoo J7,1.6T Vortex,Jaec,Automa,Petrol,No Rating,R 469 890
JAECOO,Jaecoo J7,1.5T SHS,Jaec,Automa,Hybrid,No Rating,R 639 900
JAECOO,Jaecoo J5,1.5T Vortex,Jaec,113,Automatic,No Rating,R 367 000
JAECOO,Jaecoo J5,1.5T Glacier,Jaec,Automa,Petrol,No Rating,R 439 900
JAECOO,Jaecoo J7,1.6T Glacier,Jaec,31 647,Automatic,Great Price,R 429 900
JAECOO,,,,,,No Rating,
JAECOO,,,,,,No Rating,
JAECOO,,,,,,No Rating,
JAECOO,Jaecoo J5,1.5T Glacier,Jaec,Automa,Petrol,No Rating,R 429 900
JAECOO,Jaecoo J5,1.5T Glacier,Jaec,Automa,Petrol,No Rating,R 429 900
JAECOO,Jaecoo J7,1.5T SHS,Jaec,1 237,Automatic,Great Price,R 599 900
JAECOO,Jaecoo J7,1.6T Glacier,Jaec,23 000,Automatic,High Price,R 499 995
JAECOO,Jaecoo J7,1.6T Vortex,Jaec,150,Automatic,No Rating,R 424 900
JAECOO,Jaecoo J7,1.5T SHS,Jaec,Automa,Hybrid,No Rating,R 639 900
JAECOO,Jaecoo J7,1.5T SHS,Jaec,1 250,Automatic,No Rating,R 689 900
JAECOO,Jaecoo J5,1.5T Inferno,Jaec,Automa,Petrol,No Rating,R 439 700
JAECOO,Jaecoo J5,1.5T Glacier,Jaec,Automa,Petrol,No Rating,R 389 700
JAECOO,Jaecoo J5,1.5T Vortex,Jaec,Automa,Petrol,No Rating,R 337 700
JAECOO,,,,,,No Rating,
JAECOO,,,,,,No Rating,
JAECOO,,,,,,No Rating,
JAECOO,Jaecoo J7,1.6T Vortex,Jaec,Automa,Petrol,No Rating,R 469 700
JAECOO,Jaecoo J7,1.6T Vortex,Jaec,Automa,Petrol,No Rating,R 469 700
JAECOO,Jaecoo J5,1.5T Glacier,Jaec,Automa,Petrol,No Rating,R 412 846
JAECOO,ined,,ined,,,,
JAECOO,Jaecoo J5,1.5T Glacier,Jaec,Automa,Petrol,No Rating,R 399 598
JAECOO,Jaecoo J7,1.6T Glacier,Jaec,31 647,Automatic,Great Price,R 429 900
JAECOO,Jaecoo J7,1.6T Inferno AWD,Jaec,14 624,Automatic,Great Price,R 499 900
JAECOO,Jaecoo J7,1.6T Glacier,Jaec,Automa,Petrol,No Rating,R 569 900
JAECOO,Jaecoo J7,1.6T Vortex,Jaec,101,Automatic,No Rating,R 458 800
JAECOO,Jaecoo J7,1.5T SHS,Jaec,1 900,Automatic,Great Price,R 599 000
JAECOO,Jaecoo J7,1.6T Inferno AWD,Jaec,22 762,Automatic,Fair Price,R 529 990
JAECOO,Jaecoo J5,1.5T Glacier,Jaec,2 000,Automatic,No Rating,R 399 900
JAECOO,Jaecoo J5,1.5T Glacier,Jaec,25,Automatic,No Rating,R 399 900
JAECOO,Jaecoo J5,1.5T Core,Jaec,777,Automatic,No Rating,R 349 900
JAECOO,Jaecoo J5,1.5T Vortex,Jaec,100,Automatic,No Rating,R 379 900
JAECOO,Jaecoo J5,1.5T Glacier,Jaec,Automa,Petrol,No Rating,R 439 900
JAECOO,,,,,,No Rating,
JAECOO,,,,,,No Rating,
JAECOO,,,,,,No Rating,
JAECOO,Jaecoo J7,1.6T Glacier,Jaec,8 000,Automatic,Fair Price,R 514 800
JAECOO,Jaecoo J7,1.6T Vortex,Jaec,5 000,Automatic,Great Price,R 409 800
JAECOO,Jaecoo J5,1.5T Vortex,Jaec,Automa,Petrol,No Rating,R 369 900
JAECOO,Jaecoo J7,1.6T Vortex,Jaec,8 500,Automatic,No Rating,R 424 900
JAECOO,Jaecoo J5,1.5T Vortex,Jaec,10 598,Automatic,No Rating,R 309 900
JAECOO,Jaecoo J7,1.5T SHS,Jaec,1 625,Automatic,No Rating,R 649 900
JAECOO,Jaecoo J5,1.5T Glacier,Jaec,1 250,Automatic,No Rating,R 439 900
JAECOO,Jaecoo J5,1.5T Glacier,Jaec,1 000,Automatic,No Rating,R 359 900
JAECOO,ined,,ined,,,,
JAECOO,Jaecoo J7,1.6T Glacier,Jaec,10 400,Automatic,Great Price,R 439 900
JAECOO,Jaecoo J5,1.5T Vortex,Jaec,Automa,Petrol,No Rating,R 359 900
JAECOO,,,,,,No Rating,
JAECOO,,,,,,No Rating,
JAECOO,,,,,,Fair Price,
JAECOO,Jaecoo J5,1.5T Vortex,Jaec,Automa,Petrol,No Rating,R 355 000
JAECOO,Jaecoo J5,1.5T Glacier,Jaec,1 250,Automatic,No Rating,R 439 900
JAECOO,Jaecoo J5,1.5T Core,Jaec,1 250,Automatic,No Rating,R 339 900
JAECOO,Jaecoo J5,1.5T Inferno,Jaec,6 600,Automatic,No Rating,R 399 950
JAECOO,Jaecoo J5,1.5T Inferno,Jaec,Automa,Petrol,No Rating,R 449 900
JAECOO,Jaecoo J5,1.5T Glacier,Jaec,Automa,Petrol,No Rating,R 409 000
JAECOO,Jaecoo J7,1.6T Glacier,Jaec,5 000,Automatic,No Rating,R 459 900
JAECOO,Jaecoo J5,1.5T Vortex,Jaec,150,Automatic,No Rating,R 349 900
JAECOO,Jaecoo J5,1.5T Vortex,Jaec,150,Automatic,No Rating,R 349 900
JAECOO,Jaecoo J5,1.5T Vortex,Jaec,150,Automatic,No Rating,R 349 900
JAECOO,Jaecoo J5,1.5T Vortex,Jaec,150,Automatic,No Rating,R 349 900
JAECOO,Jaecoo J5,1.5T Vortex,Jaec,150,Automatic,No Rating,R 349 900
JAECOO,Jaecoo J5,1.5T Glacier,Jaec,150,Automatic,No Rating,R 399 900
JAECOO,Jaecoo J5,1.5T Vortex,Jaec,Automa,Petrol,No Rating,R 337 750
JAECOO,Jaecoo J5,1.5T Inferno,Jaec,Automa,Petrol,No Rating,R 435 000
JAECOO,,,,,,No Rating,
JAECOO,,,,,,Fair Price,
JAECOO,,,,,,No Rating,
JAECOO,Jaecoo J5,1.5T Vortex,Jaec,Automa,Petrol,No Rating,R 359 000
JAECOO,ined,,ined,,,,
JAECOO,Jaecoo J5,1.5T Vortex,Jaec,Automa,Petrol,No Rating,R 355 000
JAECOO,Jaecoo J7,1.6T Vortex,Jaec,5 000,Automatic,Great Price,R 419 800
JAECOO,Jaecoo J5,1.5T Core,Jaec,Automa,Petrol,No Rating,R 325 000
JAECOO,Jaecoo J5,1.5T Glacier,Jaec,Automa,Petrol,No Rating,R 409 000
JAECOO,Jaecoo J7,1.6T Inferno AWD,Jaec,41 000,Automatic,Low Price,R 418 500
JAECOO,Jaecoo J7,1.5T SHS,Jaec,4 000,Automatic,Great Price,R 559 900
JAECOO,Jaecoo J5,1.5T Glacier,Jaec,4 217,Automatic,No Rating,R 409 890
JAECOO,Jaecoo J7,1.6T Vortex,Jaec,Automa,Petrol,No Rating,R 459 900
JAECOO,Jaecoo J7,1.6T Vortex,Jaec,Automa,Petrol,No Rating,R 459 900
JAECOO,,,,,,No Rating,
JAECOO,,,,,,No Rating,
JAECOO,,,,,,No Rating,
JAECOO,Jaecoo J5,1.5T Glacier,Jaec,1 000,Automatic,No Rating,R 409 900
JAECOO,Jaecoo J5,1.5T Vortex,Jaec,1 500,Automatic,No Rating,R 349 900
JAECOO,Jaecoo J5,1.5T Inferno,Jaec,Automa,Petrol,No Rating,R 479 900
JAECOO,Jaecoo J5,1.5T Glacier,Jaec,Automa,Petrol,No Rating,R 409 900
JAECOO,Jaecoo J7,1.6T Glacier,Jaec,Automa,Petrol,No Rating,R 544 900
JAECOO,Jaecoo J5,1.5T Glacier,Jaec,100,Automatic,No Rating,R 399 900
JAECOO,Jaecoo J5,1.5T Vortex,Jaec,Automa,Petrol,No Rating,R 359 900
JAECOO,Jaecoo J7,1.6T Inferno AWD,Jaec,40 662,Automatic,Great Price,R 449 900
JAECOO,Jaecoo J7,1.6T Inferno AWD,Jaec,41 601,Automatic,Great Price,R 449 900
JAECOO,Jaecoo J5,1.5T Glacier,Jaec,Automa,Petrol,No Rating,R 429 900
JAECOO,Jaecoo J5,1.5T Glacier,Jaec,Automa,Petrol,No Rating,R 429 900
JAECOO,Jaecoo J7,1.6T Vortex,Jaec,Automa,Petrol,No Rating,R 469 890
JAECOO,Jaecoo J7,1.6T Glacier,Jaec,2 895,Automatic,Fair Price,R 499 499
JAECOO,Jaecoo J7,1.5T SHS,Jaec,20,Automatic,No Rating,R 659 900
JAECOO,Jaecoo J5,1.5T Vortex,Jaec,10 520,Automatic,No Rating,R 309 900
JAECOO,,,,,,Fair Price,
JAECOO,,,,,,No Rating,
JAECOO,,,,,,No Rating,
JAECOO,Jaecoo J7,1.6T Glacier,Jaec,1 250,Automatic,No Rating,R 569 900
JAECOO,Jaecoo J7,1.6T Vortex,Jaec,5 096,Automatic,No Rating,R 418 800
JAECOO,Jaecoo J7,1.6T Glacier,Jaec,37 000,Automatic,Fair Price,R 449 800
JAECOO,Jaecoo J7,1.6T Glacier,Jaec,11 200,Automatic,No Rating,R 459 900
JAECOO,Jaecoo J7,1.5T SHS,Jaec,4 636,Automatic,No Rating,R 584 900
JAECOO,Jaecoo J7,1.6T Glacier,Jaec,10 500,Automatic,Fair Price,R 499 950
JAECOO,Jaecoo J5,1.5T Vortex,Jaec,Automa,Petrol,No Rating,R 349 900
JAECOO,Jaecoo J7,1.5T SHS,Jaec,Automa,Hybrid,No Rating,R 629 890
JAECOO,Jaecoo J7,1.6T Vortex,Jaec,4 500,Automatic,No Rating,R 429 900
JAECOO,Jaecoo J7,1.5T SHS,Jaec,6 500,Automatic,Great Price,R 569 950
JAECOO,,,,,,No Rating,
JAECOO,,,,,,No Rating,
JAECOO,,,,,,No Rating,
JAECOO,Jaecoo J5,1.5T Vortex,Jaec,1 000,Automatic,No Rating,R 339 999
JAECOO,Jaecoo J5,1.5T Glacier,Jaec,200,Automatic,No Rating,R 429 950
JAECOO,Jaecoo J7,1.6T Glacier,Jaec,200,Automatic,No Rating,R 549 950
JAECOO,Jaecoo J7,1.6T Glacier,Jaec,Automa,Petrol,No Rating,R 529 800
JAECOO,Jaecoo J7,1.5T SHS,Jaec,Automa,Hybrid,No Rating,R 619 900
JAECOO,Jaecoo J5,1.5T Core,Jaec,200,Automatic,No Rating,R 388 888
JAECOO,Jaecoo J5,1.5T Inferno,Jaec,3 791,Automatic,No Rating,R 424 900
JAECOO,Jaecoo J7,1.6T Glacier,Jaec,Automa,Petrol,No Rating,R 529 900
JAECOO,Jaecoo J7,1.5T SHS,Jaec,Automa,Hybrid,No Rating,R 639 900
JAECOO,Jaecoo J5,1.5T Glacier,Jaec,20,Automatic,No Rating,R 479 900
JAECOO,Jaecoo J7,1.6T Glacier,Jaec,20,Automatic,No Rating,R 544 900
JAECOO,ined,,ined,,,,
JAECOO,Jaecoo J7,1.6T Vortex,Jaec,30 000,Automatic,No Rating,R 449 900
JAECOO,Jaecoo J5,1.5T Glacier,Jaec,4 051,Automatic,No Rating,R 399 900
JAECOO,Jaecoo J5,1.5T Glacier,Jaec,1 250,Automatic,No Rating,R 429 900
JAECOO,Jaecoo J5,1.5T Inferno,Jaec,20,Automatic,No Rating,R 479 900
JAECOO,,,,,,No Rating,
JAECOO,,,,,,No Rating,
JAECOO,,,,,,No Rating,
JAECOO,Jaecoo J5,1.5T Glacier,Jaec,2 500,Automatic,No Rating,R 419 900
JAECOO,Jaecoo J5,1.5T Vortex,Jaec,10 100,Automatic,No Rating,R 309 900
JAECOO,Jaecoo J7,1.6T Glacier,Jaec,5,Automatic,No Rating,R 579 900
JAECOO,Jaecoo J7,1.5T SHS,Jaec,4 000,Automatic,No Rating,R 599 900
JAECOO,Jaecoo J7,1.6T Vortex,Jaec,3 500,Automatic,No Rating,R 449 900
JAECOO,ined,,ined,,,,
JAECOO,Jaecoo J7,1.6T Vortex,Jaec,4 000,Automatic,No Rating,R 399 900
JAECOO,Jaecoo J7,1.6T Vortex,Jaec,9 200,Automatic,Fair Price,R 429 900
JAECOO,Jaecoo J5,1.5T Vortex,Jaec,5 000,Automatic,No Rating,R 359 900
JAECOO,Jaecoo J5,1.5T Glacier,Jaec,3 100,Automatic,No Rating,R 439 890
JAECOO,Jaecoo J5,1.5T Inferno,Jaec,7 096,Automatic,No Rating,R 439 900
JAECOO,,,,,,No Rating,
JAECOO,,,,,,No Rating,
JAECOO,,,,,,No Rating,
JAECOO,Jaecoo J5,1.5T Vortex,Jaec,Automa,Petrol,No Rating,R 338 900
JAECOO,Jaecoo J5,1.5T Vortex,Jaec,Automa,Petrol,No Rating,R 338 900
JAECOO,Jaecoo J5,1.5T Vortex,Jaec,Automa,Petrol,No Rating,R 338 900
JAECOO,Jaecoo J7,1.5T SHS,Jaec,9 000,Automatic,Fair Price,R 634 900
JAECOO,Jaecoo J7,1.5T SHS,Jaec,3 000,Automatic,No Rating,R 669 900
JAECOO,Jaecoo J5,1.5T Core,Jaec,2 000,Automatic,No Rating,R 329 900
JAECOO,Jaecoo J7,1.5T SHS,Jaec,150,Automatic,No Rating,R 689 900
JAECOO,Jaecoo J5,1.5T Core,Jaec,1 500,Automatic,No Rating,R 335 995
JAECOO,Jaecoo J7,1.6T Glacier,Jaec,Automa,Petrol,No Rating,R 569 900
JAECOO,Jaecoo J7,1.6T Glacier,Jaec,Automa,Petrol,No Rating,R 569 900
JAECOO,Jaecoo J7,1.6T Vortex,Jaec,3 250,Automatic,No Rating,R 456 900
JAECOO,Jaecoo J7,1.6T Glacier,Jaec,Automa,Petrol,No Rating,R 519 800
JAECOO,Jaecoo J7,1.6T Glacier,Jaec,Automa,Petrol,No Rating,R 519 800
JAECOO,Jaecoo J7,1.6T Glacier,Jaec,Automa,Petrol,No Rating,R 519 800
JAECOO,Jaecoo J5,1.5T Glacier,Jaec,Automa,Petrol,No Rating,R 399 900
JAECOO,,,,,,No Rating,
JAECOO,,,,,,No Rating,
JAECOO,,,,,,No Rating,
JAECOO,Jaecoo J5,1.5T Glacier,Jaec,1 890,Automatic,No Rating,R 439 860
JAECOO,Jaecoo J7,1.6T Glacier,Jaec,10 500,Automatic,No Rating,R 459 900
JAECOO,Jaecoo J7,1.6T Glacier,Jaec,Automa,Petrol,No Rating,R 569 900
JAECOO,Jaecoo J7,1.6T Glacier,Jaec,Automa,Petrol,No Rating,R 569 900
JAECOO,Jaecoo J5,1.5T Glacier,Jaec,4 051,Automatic,No Rating,R 399 900
JAECOO,ined,,ined,,,,
JAECOO,Jaecoo J7,1.5T SHS,Jaec,Automa,Hybrid,No Rating,R 639 900
JAECOO,Jaecoo J5,1.5T Vortex,Jaec,Automa,Petrol,No Rating,R 349 900
JAECOO,Jaecoo J5,1.5T Vortex,Jaec,5 000,Automatic,No Rating,R 359 900
JAECOO,Jaecoo J7,1.5T SHS,Jaec,14 000,Automatic,Fair Price,R 579 990
JAECOO,Jaecoo J7,1.6T Vortex,Jaec,10 000,Automatic,Great Price,R 409 900
JAECOO,,,,,,No Rating,
JAECOO,,,,,,No Rating,
JAECOO,,,,,,No Rating,
JAECOO,Jaecoo J7,1.5T SHS,Jaec,9 000,Automatic,Fair Price,R 634 900
JAECOO,Jaecoo J7,1.6T Vortex,Jaec,3 250,Automatic,No Rating,R 456 900
JAECOO,Jaecoo J7,1.5T SHS,Jaec,150,Automatic,No Rating,R 689 900
JAECOO,Jaecoo J7,1.6T Glacier,Jaec,10 500,Automatic,Fair Price,R 499 950
JAECOO,Jaecoo J7,1.6T Vortex,Jaec,9 580,Automatic,Fair Price,R 469 900
JAECOO,Jaecoo J7,1.6T Glacier,Jaec,20,Automatic,No Rating,R 544 900
JAECOO,Jaecoo J7,1.6T Glacier,Jaec,650,Automatic,No Rating,R 469 900
JAECOO,Jaecoo J5,1.5T Vortex,Jaec,5 000,Automatic,No Rating,R 349 900
JAECOO,Jaecoo J7,1.6T Glacier,Jaec,Automa,Petrol,No Rating,R 544 900
JAECOO,Jaecoo J7,1.5T SHS,Jaec,Automa,Hybrid,No Rating,R 659 900
JAECOO,Jaecoo J7,1.6T Vortex,Jaec,50,Automatic,No Rating,R 459 900
JAECOO,Jaecoo J7,1.6T Glacier,Jaec,783,Automatic,No Rating,R 509 900
JAECOO,Jaecoo J7,1.6T Glacier,Jaec,Automa,Petrol,No Rating,R 509 900
JAECOO,Jaecoo J7,1.6T Vortex,Jaec,20 000,Automatic,Low Price,R 399 900
JAECOO,Jaecoo J5,1.5T Glacier,Jaec,1 000,Automatic,No Rating,R 389 900
JAECOO,,,,,,No Rating,
JAECOO,,,,,,No Rating,
JAECOO,,,,,,No Rating,
JAECOO,Jaecoo J5,1.5T Glacier,Jaec,9 000,Automatic,No Rating,R 445 900
JAECOO,Jaecoo J5,1.5T Vortex,Jaec,Automa,Petrol,No Rating,R 338 900
JAECOO,Jaecoo J7,1.6T Inferno AWD,Jaec,15 800,Automatic,Fair Price,R 549 950
JAECOO,Jaecoo J5,1.5T Core,Jaec,200,Automatic,No Rating,R 329 900
JAECOO,Jaecoo J7,1.6T Glacier,Jaec,22 281,Automatic,Great Price,R 429 800
JAECOO,Jaecoo J5,1.5T Glacier,Jaec,3 000,Automatic,No Rating,R 429 900
JAECOO,Jaecoo J7,1.6T Glacier,Jaec,11 500,Automatic,No Rating,R 489 900
JAECOO,Jaecoo J7,1.6T Inferno AWD,Jaec,101,Automatic,No Rating,R 599 900
JAECOO,Jaecoo J5,1.5T Inferno,Jaec,5 000,Automatic,No Rating,R 399 800
JAECOO,Jaecoo J7,1.6T Inferno AWD,Jaec,6 361,Automatic,Fair Price,R 554 900
JAECOO,,,,,,No Rating,
JAECOO,,,,,,No Rating,
JAECOO,,,,,,Fair Price,
JAECOO,Jaecoo J5,1.5T Vortex,Jaec,Automa,Petrol,No Rating,R 338 900
JAECOO,Jaecoo J7,1.6T Glacier,Jaec,41 000,Automatic,Fair Price,R 459 995
JAECOO,Jaecoo J5,1.5T Core,Jaec,Automa,Petrol,No Rating,R 334 900
JAECOO,Jaecoo J7,1.6T Glacier,Jaec,16 000,Automatic,Low Price,R 399 800
JAECOO,Jaecoo J5,1.5T Vortex,Jaec,Automa,Petrol,No Rating,R 379 900
JAECOO,Jaecoo J7,1.5T SHS,Jaec,101,Automatic,No Rating,R 609 800
JAECOO,ined,,ined,,,,
JAECOO,Jaecoo J5,1.5T Core,Jaec,1 000,Automatic,No Rating,R 349 950
JAECOO,Jaecoo J7,1.5T SHS,Jaec,20,Automatic,No Rating,R 659 900
JAECOO,Jaecoo J7,1.5T SHS,Jaec,20,Automatic,No Rating,R 659 900
JAECOO,Jaecoo J7,1.5T SHS,Jaec,3 000,Automatic,No Rating,R 669 900
JAECOO,Jaecoo J5,1.5T Inferno,Jaec,1 049,Automatic,No Rating,R 459 900
JAECOO,Jaecoo J5,1.5T Glacier,Jaec,3 255,Automatic,No Rating,R 429 900
JAECOO,Jaecoo J7,1.5T SHS,Jaec,19 000,Automatic,Fair Price,R 569 880
JAECOO,Jaecoo J7,1.6T Glacier,Jaec,6 036,Automatic,Fair Price,R 514 900
JAECOO,Jaecoo J7,1.6T Vortex,Jaec,5 000,Automatic,Great Price,R 429 800
JAECOO,,,,,,No Rating,
JAECOO,,,,,,No Rating,
JAECOO,,,,,,No Rating,
JAECOO,Jaecoo J7,1.5T SHS,Jaec,20,Automatic,No Rating,R 659 900
JAECOO,Jaecoo J5,1.5T Glacier,Jaec,9 000,Automatic,No Rating,R 445 900
JAECOO,Jaecoo J7,1.5T SHS,Jaec,14 000,Automatic,Fair Price,R 579 990
JAECOO,Jaecoo J7,1.6T Vortex,Jaec,147,Automatic,No Rating,R 514 500
JAECOO,Jaecoo J7,1.6T Glacier,Jaec,Automa,Petrol,No Rating,R 509 900
JAECOO,Jaecoo J7,1.5T SHS,Jaec,19 000,Automatic,Fair Price,R 569 880
JAECOO,ined,,ined,,,,
JAECOO,Jaecoo J5,1.5T Vortex,Jaec,5 736,Automatic,No Rating,R 329 950
JAECOO,Jaecoo J7,1.6T Vortex,Jaec,22,Automatic,No Rating,R 514 500
JAECOO,Jaecoo J7,1.6T Inferno AWD,Jaec,13 500,Automatic,Great Price,R 498 900
JAECOO,Jaecoo J7,1.6T Inferno AWD,Jaec,Automa,Petrol,No Rating,R 619 700
JAECOO,,,,,,No Rating,
JAECOO,,,,,,No Rating,
JAECOO,,,,,,No Rating,
JAECOO,Jaecoo J7,1.6T Inferno AWD,Jaec,Automa,Petrol,No Rating,R 619 700
JAECOO,Jaecoo J7,1.6T Inferno AWD,Jaec,Automa,Petrol,No Rating,R 619 700
JAECOO,Jaecoo J7,1.6T Vortex,Jaec,Automa,Petrol,No Rating,R 469 700
JAECOO,Jaecoo J7,1.6T Vortex,Jaec,Automa,Petrol,No Rating,R 469 700
JAECOO,Jaecoo J7,1.5T SHS,Jaec,Automa,Hybrid,No Rating,R 629 700
JAECOO,Jaecoo J7,1.5T SHS,Jaec,Automa,Hybrid,No Rating,R 629 700
JAECOO,Jaecoo J7,1.6T Glacier,Jaec,Automa,Petrol,No Rating,R 539 700
JAECOO,Jaecoo J5,1.5T Inferno,Jaec,Automa,Petrol,No Rating,R 439 700
JAECOO,Jaecoo J5,1.5T Vortex,Jaec,5 000,Automatic,No Rating,R 349 900
JAECOO,Jaecoo J5,1.5T Core,Jaec,Automa,Petrol,No Rating,R 325 000
JAECOO,Jaecoo J7,1.6T Vortex,Jaec,Automa,Petrol,No Rating,R 479 900
JAECOO,Jaecoo J5,1.5T Inferno,Jaec,10 000,Automatic,No Rating,R 409 900
JAECOO,Jaecoo J7,1.6T Glacier,Jaec,783,Automatic,No Rating,R 509 900
JAECOO,Jaecoo J7,1.6T Glacier,Jaec,22 281,Automatic,Great Price,R 429 800
JAECOO,Jaecoo J7,1.6T Glacier,Jaec,9 800,Automatic,Great Price,R 439 890
JAECOO,,,,,,No Rating,
JAECOO,,,,,,No Rating,
JAECOO,,,,,,No Rating,
JAECOO,Jaecoo J5,1.5T Inferno,Jaec,Automa,Petrol,No Rating,R 465 900
JAECOO,Jaecoo J7,1.6T Vortex,Jaec,8 000,Automatic,No Rating,R 499 800
JAECOO,Jaecoo J7,1.6T Glacier,Jaec,41 000,Automatic,Fair Price,R 459 995
JAECOO,Jaecoo J5,1.5T Glacier,Jaec,101,Automatic,No Rating,R 398 800
JAECOO,Jaecoo J7,1.5T SHS,Jaec,2 000,Automatic,Great Price,R 589 950
JAECOO,Jaecoo J5,1.5T Inferno,Jaec,1 049,Automatic,No Rating,R 459 900
JAECOO,ined,,ined,,,,
JAECOO,Jaecoo J5,1.5T Vortex,Jaec,2 100,Automatic,No Rating,R 349 900
JAECOO,Jaecoo J5,1.5T Glacier,Jaec,3 255,Automatic,No Rating,R 429 900
JAECOO,Jaecoo J5,1.5T Inferno,Jaec,Automa,Petrol,No Rating,R 449 800
JAECOO,Jaecoo J5,1.5T Vortex,Jaec,Automa,Petrol,No Rating,R 337 800
JAECOO,,,,,,No Rating,
JAECOO,,,,,,No Rating,
JAECOO,,,,,,No Rating,
JAECOO,Jaecoo J7,1.5T SHS,Jaec,14 272,Automatic,Fair Price,R 579 890
JAECOO,Jaecoo J5,1.5T Inferno,Jaec,Automa,Petrol,No Rating,R 465 900
JAECOO,Jaecoo J5,1.5T Glacier,Jaec,Automa,Petrol,No Rating,R 385 000
JAECOO,Jaecoo J5,1.5T Vortex,Jaec,Automa,Petrol,No Rating,R 359 900
JAECOO,Jaecoo J7,1.6T Glacier,Jaec,11 500,Automatic,Fair Price,R 469 950
JAECOO,Jaecoo J7,1.5T SHS,Jaec,Automa,Hybrid,No Rating,R 619 000
JAECOO,Jaecoo J7,1.6T Inferno AWD,Jaec,6 361,Automatic,Fair Price,R 554 900
JAECOO,Jaecoo J7,1.6T Glacier,Jaec,56,Automatic,No Rating,R 539 900
JAECOO,Jaecoo J7,1.6T Glacier,Jaec,6 036,Automatic,Fair Price,R 514 900
JAECOO,Jaecoo J7,1.6T Inferno AWD,Jaec,101,Automatic,No Rating,R 588 800
JAECOO,Jaecoo J7,1.6T Inferno AWD,Jaec,101,Automatic,No Rating,R 588 800
JAECOO,Jaecoo J7,1.6T Inferno AWD,Jaec,101,Automatic,No Rating,R 588 800
JAECOO,Jaecoo J7,1.6T Inferno AWD,Jaec,101,Automatic,No Rating,R 588 800
JAECOO,Jaecoo J7,1.6T Inferno AWD,Jaec,101,Automatic,No Rating,R 588 800
JAECOO,Jaecoo J7,1.6T Inferno AWD,Jaec,101,Automatic,No Rating,R 599 900
JAECOO,,,,,,No Rating,
JAECOO,,,,,,No Rating,
JAECOO,,,,,,No Rating,
JAECOO,Jaecoo J7,1.6T Glacier,Jaec,13 800,Automatic,Fair Price,R 499 000
JAECOO,ined,,ined,,,,
JAECOO,Jaecoo J7,1.6T Vortex,Jaec,Automa,Petrol,No Rating,R 459 900
JAECOO,Jaecoo J7,1.6T Glacier,Jaec,1 500,Automatic,No Rating,R 509 990
JAECOO,Jaecoo J7,1.6T Inferno AWD,Jaec,15 800,Automatic,Fair Price,R 549 950
JAECOO,Jaecoo J5,1.5T Inferno,Jaec,5 000,Automatic,No Rating,R 399 800
JAECOO,Jaecoo J5,1.5T Glacier,Jaec,150,Automatic,No Rating,R 459 950
JAECOO,Jaecoo J7,1.6T Glacier,Jaec,16 000,Automatic,Low Price,R 399 800
JAECOO,Jaecoo J7,1.6T Vortex,Jaec,1 150,Automatic,No Rating,R 529 900
JAECOO,Jaecoo J5,1.5T Core,Jaec,Automa,Petrol,No Rating,R 339 900
JAECOO,Jaecoo J5,1.5T Core,Jaec,163,Automatic,No Rating,R 339 900
JAECOO,,,,,,No Rating,
JAECOO,,,,,,No Rating,
JAECOO,,,,,,No Rating,
JAECOO,Jaecoo J5,1.5T Vortex,Jaec,1 000,Automatic,No Rating,R 358 900
JAECOO,Jaecoo J5,1.5T Glacier,Jaec,Automa,Petrol,No Rating,R 399 900
JAECOO,Jaecoo J7,1.6T Vortex,Jaec,5 000,Automatic,Great Price,R 429 800
JAECOO,Jaecoo J5,1.5T Core,Jaec,5 000,Automatic,No Rating,R 329 900
JAECOO,Jaecoo J5,1.5T Glacier,Jaec,5 000,Automatic,No Rating,R 424 900
JAECOO,Jaecoo J5,1.5T Glacier,Jaec,5 000,Automatic,No Rating,R 424 900
JAECOO,Jaecoo J7,1.6T Glacier,Jaec,9 860,Automatic,Fair Price,R 479 900
JAECOO,Jaecoo J5,1.5T Glacier,Jaec,101,Automatic,No Rating,R 398 800
JAECOO,Jaecoo J5,1.5T Glacier,Jaec,101,Automatic,No Rating,R 398 800
JAECOO,Jaecoo J7,1.6T Glacier,Jaec,18 463,Automatic,Fair Price,R 529 900
JAECOO,Jaecoo J7,1.6T Inferno AWD,Jaec,2 500,Automatic,Fair Price,R 659 900
JAECOO,Jaecoo J5,1.5T Core,Jaec,Automa,Petrol,No Rating,R 339 900
JAECOO,Jaecoo J7,1.5T SHS,Jaec,Automa,Hybrid,No Rating,R 629 900
JAECOO,Jaecoo J7,1.5T SHS,Jaec,Automa,Hybrid,No Rating,R 629 900
JAECOO,Jaecoo J5,1.5T Inferno,Jaec,Automa,Petrol,No Rating,R 449 800
JAECOO,,,,,,No Rating,
JAECOO,,,,,,No Rating,
JAECOO,,,,,,No Rating,
JAECOO,Jaecoo J7,1.6T Inferno AWD,Jaec,101,Automatic,No Rating,R 588 800
JAECOO,Jaecoo J7,1.5T SHS,Jaec,6 594,Automatic,High Price,R 669 900
JAECOO,Jaecoo J5,1.5T Inferno,Jaec,101,Automatic,No Rating,R 434 900
JAECOO,Jaecoo J5,1.5T Core,Jaec,163,Automatic,No Rating,R 339 900
JAECOO,Jaecoo J7,1.6T Inferno AWD,Jaec,101,Automatic,No Rating,R 588 800
JAECOO,Jaecoo J7,1.6T Inferno AWD,Jaec,101,Automatic,No Rating,R 588 800
JAECOO,Jaecoo J7,1.6T Inferno AWD,Jaec,5 485,Automatic,Fair Price,R 579 900
JAECOO,Jaecoo J7,1.6T Inferno AWD,Jaec,47 512,Automatic,Low Price,R 409 900
JAECOO,Jaecoo J7,1.6T Glacier,Jaec,20 000,Automatic,Low Price,R 409 990
JAECOO,Jaecoo J5,1.5T Vortex,Jaec,Automa,Petrol,No Rating,R 369 900
JAECOO,,,,,,No Rating,
JAECOO,,,,,,No Rating,
JAECOO,,,,,,Fair Price,
JAECOO,ined,,ined,,,,
JAECOO,Jaecoo J5,1.5T Inferno,Jaec,101,Automatic,No Rating,R 434 900
JAECOO,Jaecoo J5,1.5T Vortex,Jaec,1 000,Automatic,No Rating,R 369 900
JAECOO,Jaecoo J5,1.5T Glacier,Jaec,Automa,Petrol,No Rating,R 399 800
JAECOO,Jaecoo J7,1.6T Glacier,Jaec,Automa,Petrol,No Rating,R 579 900
JAECOO,Jaecoo J7,1.6T Inferno AWD,Jaec,13 500,Automatic,Fair Price,R 529 995
JAECOO,Jaecoo J7,1.5T SHS,Jaec,Automa,Hybrid,No Rating,R 619 800
JAECOO,Jaecoo J7,1.6T Inferno AWD,Jaec,Automa,Petrol,No Rating,R 639 700
JAECOO,Jaecoo J7,1.6T Glacier,Jaec,101,Automatic,No Rating,R 508 800
JAECOO,Jaecoo J7,1.5T SHS,Jaec,Automa,Hybrid,No Rating,R 609 900
JAECOO,Jaecoo J7,1.5T SHS,Jaec,Automa,Hybrid,No Rating,R 609 900
JAECOO,Jaecoo J5,1.5T Vortex,Jaec,1 000,Automatic,No Rating,R 365 000
JAECOO,Jaecoo J5,1.5T Glacier,Jaec,101,Automatic,No Rating,R 398 800
JAECOO,Jaecoo J5,1.5T Glacier,Jaec,Automa,Petrol,No Rating,R 399 900
JAECOO,Jaecoo J7,1.6T Vortex,Jaec,Automa,Petrol,No Rating,R 459 900
JAECOO,Jaecoo J5,1.5T Core,Jaec,100,Automatic,No Rating,R 329 990
JAECOO,,,,,,Fair Price,
JAECOO,,,,,,No Rating,
JAECOO,,,,,,No Rating,
JAECOO,Jaecoo J7,1.6T Vortex,Jaec,Automa,Petrol,No Rating,R 479 900
JAECOO,Jaecoo J5,1.5T Inferno,Jaec,Automa,Petrol,No Rating,R 439 900
JAECOO,Jaecoo J7,1.6T Inferno AWD,Jaec,13 500,Automatic,Fair Price,R 529 995
JAECOO,Jaecoo J5,1.5T Glacier,Jaec,5 000,Automatic,No Rating,R 369 800
JAECOO,Jaecoo J7,1.6T Inferno AWD,Jaec,Automa,Petrol,No Rating,R 639 700
JAECOO,Jaecoo J7,1.5T SHS,Jaec,Automa,Hybrid,No Rating,R 659 700
JAECOO,Jaecoo J5,1.5T Core,Jaec,100,Automatic,No Rating,R 329 990
JAECOO,Jaecoo J7,1.5T SHS,Jaec,Automa,Hybrid,No Rating,R 619 800
JAECOO,Jaecoo J7,1.6T Glacier,Jaec,Automa,Petrol,No Rating,R 509 800
JAECOO,Jaecoo J5,1.5T Glacier,Jaec,Automa,Petrol,No Rating,R 399 900
JAECOO,,,,,,No Rating,
JAECOO,,,,,,No Rating,
JAECOO,,,,,,No Rating,
JAECOO,Jaecoo J7,1.6T Glacier,Jaec,Automa,Petrol,No Rating,R 539 900
JAECOO,Jaecoo J5,1.5T Vortex,Jaec,1 000,Automatic,No Rating,R 365 000
JAECOO,Jaecoo J5,1.5T Glacier,Jaec,1 000,Automatic,No Rating,R 399 900
JAECOO,Jaecoo J7,1.6T Inferno AWD,Jaec,47 512,Automatic,Low Price,R 409 900
JAECOO,Jaecoo J7,1.5T SHS,Jaec,Automa,Hybrid,No Rating,R 649 900
JAECOO,Jaecoo J5,1.5T Glacier,Jaec,Automa,Petrol,No Rating,R 399 900
JAECOO,Jaecoo J5,1.5T Glacier,Jaec,Automa,Petrol,No Rating,R 399 900
JAECOO,Jaecoo J5,1.5T Glacier,Jaec,Automa,Petrol,No Rating,R 399 900
JAECOO,Jaecoo J7,1.6T Glacier,Jaec,20 000,Automatic,Low Price,R 409 990
JAECOO,Jaecoo J5,1.5T Glacier,Jaec,166,Automatic,,POA
JAECOO,ined,,ined,,,,
JAECOO,Jaecoo J7,1.6T Vortex,Jaec,Automa,Petrol,No Rating,R 479 900
JAECOO,Jaecoo J7,1.6T Vortex,Jaec,Automa,Petrol,No Rating,R 479 900
JAECOO,Jaecoo J7,1.6T Inferno AWD,Jaec,Automa,Petrol,No Rating,R 588 900
JAECOO,Jaecoo J7,1.6T Inferno AWD,Jaec,Automa,Petrol,No Rating,R 588 900
JAECOO,Jaecoo J7,1.6T Inferno AWD,Jaec,Automa,Petrol,No Rating,R 588 900
JAECOO,,,,,,No Rating,
JAECOO,,,,,,No Rating,
JAECOO,,,,,,No Rating,
JAECOO,Jaecoo J7,1.6T Inferno AWD,Jaec,Automa,Petrol,No Rating,R 588 900
JAECOO,Jaecoo J7,1.6T Vortex,Jaec,2 870,Automatic,No Rating,R 499 900
JAECOO,Jaecoo J5,1.5T Vortex,Jaec,Automa,Petrol,No Rating,R 369 900
JAECOO,Jaecoo J7,1.6T Glacier,Jaec,Automa,Petrol,No Rating,R 538 700
JAECOO,Jaecoo J7,1.6T Glacier,Jaec,Automa,Petrol,No Rating,R 538 700
JAECOO,Jaecoo J7,1.6T Vortex,Jaec,Automa,Petrol,No Rating,R 521 913
JAECOO,Jaecoo J7,1.6T Vortex,Jaec,7 600,Automatic,No Rating,R 479 900
JAECOO,Jaecoo J7,1.5T SHS,Jaec,6 594,Automatic,High Price,R 669 900
JAECOO,ined,,ined,,,,
JAECOO,Jaecoo J5,1.5T Vortex,Jaec,101,Automatic,No Rating,R 339 900
JAECOO,Jaecoo J5,1.5T Glacier,Jaec,Automa,Petrol,No Rating,R 389 800
JAECOO,,,,,,Fair Price,
JAECOO,,,,,,Great Price,
JAECOO,,,,,,Fair Price,
JAECOO,Jaecoo J5,1.5T Glacier,Jaec,Automa,Petrol,No Rating,R 429 900
JAECOO,Jaecoo J5,1.5T Inferno,Jaec,Automa,Petrol,No Rating,R 435 000
JAECOO,Jaecoo J5,1.5T Inferno,Jaec,Automa,Petrol,No Rating,R 465 900
JAECOO,Jaecoo J7,1.6T Glacier,Jaec,Automa,Petrol,No Rating,R 579 900
JAECOO,Jaecoo J5,1.5T Glacier,Jaec,1 500,Automatic,No Rating,R 449 900
JAECOO,Jaecoo J7,1.6T Glacier,Jaec,Automa,Petrol,No Rating,R 519 700
JAECOO,Jaecoo J5,1.5T Vortex,Jaec,15,Automatic,No Rating,R 359 900
JAECOO,Jaecoo J7,1.6T Glacier,Jaec,Automa,Petrol,No Rating,R 519 700
JAECOO,Jaecoo J7,1.6T Glacier,Jaec,Automa,Petrol,No Rating,R 519 700
JAECOO,Jaecoo J7,1.6T Glacier,Jaec,Automa,Petrol,No Rating,R 519 700
JAECOO,Jaecoo J7,1.6T Vortex,Jaec,Automa,Petrol,No Rating,R 469 700
JAECOO,Jaecoo J7,1.6T Glacier,Jaec,52 163,Automatic,Fair Price,R 429 900
JAECOO,Jaecoo J7,1.6T Inferno AWD,Jaec,5 485,Automatic,Fair Price,R 579 900
JAECOO,Jaecoo J7,1.6T Vortex,Jaec,Automa,Petrol,No Rating,R 488 900
JAECOO,Jaecoo J7,1.6T Glacier,Jaec,Automa,Petrol,No Rating,R 575 900
JAECOO,,,,,,No Rating,
JAECOO,,,,,,No Rating,
JAECOO,,,,,,No Rating,
JAECOO,Jaecoo J7,1.5T SHS,Jaec,Automa,Hybrid,No Rating,R 689 900
JAECOO,Jaecoo J5,1.5T Core,Jaec,878,Automatic,No Rating,R 332 500
JAECOO,Jaecoo J7,1.5T SHS,Jaec,Automa,Hybrid,No Rating,R 639 900
JAECOO,Jaecoo J7,1.6T Vortex,Jaec,Automa,Petrol,No Rating,R 448 700
JAECOO,Jaecoo J7,1.6T Vortex,Jaec,Automa,Petrol,No Rating,R 448 700
JAECOO,Jaecoo J7,1.5T SHS,Jaec,Automa,Hybrid,No Rating,R 674 900
JAECOO,Jaecoo J7,1.5T SHS,Jaec,Automa,Hybrid,No Rating,R 639 900
JAECOO,Jaecoo J5,1.5T Glacier,Jaec,Automa,Petrol,No Rating,R 399 900
JAECOO,Jaecoo J7,1.6T Glacier,Jaec,Automa,Petrol,No Rating,R 579 900
JAECOO,Jaecoo J5,1.5T Inferno,Jaec,Automa,Petrol,No Rating,R 439 900
JAECOO,,,,,,Fair Price,
JAECOO,,,,,,No Rating,
JAECOO,,,,,,No Rating,
JAECOO,Jaecoo J5,1.5T Inferno,Jaec,Automa,Petrol,No Rating,R 479 900
JAECOO,Jaecoo J7,1.6T Glacier,Jaec,Automa,Petrol,No Rating,R 549 900
JAECOO,Jaecoo J5,1.5T Glacier,Jaec,Automa,Petrol,No Rating,R 399 800
JAECOO,Jaecoo J7,1.6T Vortex,Jaec,Automa,Petrol,No Rating,R 479 900
JAECOO,Jaecoo J7,1.6T Vortex,Jaec,Automa,Petrol,No Rating,R 479 900
JAECOO,ined,,ined,,,,
JAECOO,Jaecoo J7,1.6T Vortex,Jaec,19 296,Automatic,Great Price,R 419 900
JAECOO,Jaecoo J7,1.6T Vortex,Jaec,14 800,Automatic,No Rating,R 399 900
JAECOO,Jaecoo J7,1.6T Glacier,Jaec,29 500,Automatic,Fair Price,R 449 990
JAECOO,Jaecoo J7,1.6T Vortex,Jaec,Automa,Petrol,No Rating,R 479 900
JAECOO,Jaecoo J7,1.6T Glacier,Jaec,Automa,Petrol,No Rating,R 579 900
JAECOO,Jaecoo J7,1.6T Inferno AWD,Jaec,4 901,Automatic,Low Price,R 419 950
JAECOO,Jaecoo J7,1.6T Vortex,Jaec,150,Automatic,No Rating,R 539 900
JAECOO,Jaecoo J5,1.5T Inferno,Jaec,Automa,Petrol,No Rating,R 449 600
JAECOO,Jaecoo J7,1.6T Vortex,Jaec,Automa,Petrol,No Rating,R 549 900
JAECOO,Jaecoo J5,1.5T Glacier,Jaec,Automa,Petrol,No Rating,R 439 900
JAECOO,,,,,,No Rating,
JAECOO,,,,,,No Rating,
JAECOO,,,,,,No Rating,
JAECOO,Jaecoo J7,1.6T Glacier,Jaec,Automa,Petrol,No Rating,R 579 900
JAECOO,Jaecoo J5,1.5T Inferno,Jaec,Automa,Petrol,No Rating,R 479 900
JAECOO,Jaecoo J5,1.5T Glacier,Jaec,Automa,Petrol,No Rating,R 429 900
JAECOO,Jaecoo J7,1.6T Glacier,Jaec,Automa,Petrol,No Rating,R 529 850
JAECOO,Jaecoo J7,1.5T SHS,Jaec,Automa,Hybrid,No Rating,R 639 800
JAECOO,Jaecoo J7,1.5T SHS,Jaec,Automa,Hybrid,No Rating,R 639 800
JAECOO,Jaecoo J7,1.6T Vortex,Jaec,Automa,Petrol,No Rating,R 448 700
JAECOO,Jaecoo J7,1.6T Vortex,Jaec,Automa,Petrol,No Rating,R 448 700
JAECOO,Jaecoo J7,1.6T Vortex,Jaec,Automa,Petrol,No Rating,R 448 700
JAECOO,Jaecoo J7,1.6T Vortex,Jaec,Automa,Petrol,No Rating,R 448 700
JAECOO,,,,,,Fair Price,
JAECOO,,,,,,Fair Price,
JAECOO,,,,,,Great Price,
JAECOO,Jaecoo J5,1.5T Inferno,Jaec,Automa,Petrol,No Rating,R 449 600
JAECOO,Jaecoo J7,1.5T SHS,Jaec,Automa,Hybrid,No Rating,R 639 900
JAECOO,Jaecoo J7,1.5T SHS,Jaec,Automa,Hybrid,No Rating,R 639 900
JAECOO,Jaecoo J7,1.6T Vortex,Jaec,Automa,Petrol,No Rating,R 448 900
JAECOO,Jaecoo J7,1.6T Vortex,Jaec,Automa,Petrol,No Rating,R 448 900
JAECOO,Jaecoo J7,1.6T Vortex,Jaec,Automa,Petrol,No Rating,R 448 900
JAECOO,Jaecoo J7,1.6T Vortex,Jaec,Automa,Petrol,No Rating,R 448 900
JAECOO,Jaecoo J7,1.6T Vortex,Jaec,Automa,Petrol,No Rating,R 448 900
JAECOO,Jaecoo J7,1.6T Vortex,Jaec,Automa,Petrol,No Rating,R 448 900
JAECOO,ined,,ined,,,,
JAECOO,Jaecoo J7,1.6T Vortex,Jaec,Automa,Petrol,No Rating,R 448 900
JAECOO,Jaecoo J7,1.6T Vortex,Jaec,Automa,Petrol,No Rating,R 448 900
JAECOO,Jaecoo J7,1.6T Vortex,Jaec,Automa,Petrol,No Rating,R 448 900
JAECOO,Jaecoo J7,1.6T Vortex,Jaec,21 968,Automatic,High Price,R 550 000
JAECOO,Jaecoo J7,1.6T Glacier,Jaec,Automa,Petrol,No Rating,R 529 900
JAECOO,Jaecoo J7,1.5T SHS,Jaec,9 500,Automatic,No Rating,R 549 900
JAECOO,,,,,,No Rating,
JAECOO,,,,,,No Rating,
JAECOO,,,,,,No Rating,
JAECOO,Jaecoo J7,1.6T Vortex,Jaec,15 000,Automatic,Low Price,R 389 900
JAECOO,Jaecoo J5,1.5T Core,Jaec,10,Automatic,No Rating,R 329 999
JAECOO,Jaecoo J7,1.6T Vortex,Jaec,Automa,Petrol,No Rating,R 448 900
JAECOO,Jaecoo J7,1.6T Vortex,Jaec,100,Automatic,Fair Price,R 489 900
JAECOO,Jaecoo J7,1.6T Glacier,Jaec,5,Automatic,Fair Price,R 539 900
JAECOO,Jaecoo J7,1.5T SHS,Jaec,Automa,Hybrid,No Rating,R 639 900
JAECOO,Jaecoo J7,1.5T SHS,Jaec,Automa,Hybrid,No Rating,R 639 900
JAECOO,Jaecoo J7,1.6T Glacier,Jaec,Automa,Petrol,No Rating,R 529 900
JAECOO,Jaecoo J5,1.5T Core,Jaec,3 550,Automatic,No Rating,R 324 900
JAECOO,Jaecoo J5,1.5T Vortex,Jaec,350,Automatic,No Rating,R 349 995
JAECOO,,,,,,No Rating,
JAECOO,,,,,,No Rating,
JAECOO,,,,,,No Rating,
JAECOO,Jaecoo J5,1.5T Core,Jaec,150,Automatic,No Rating,R 349 950
JAECOO,Jaecoo J5,1.5T Core,Jaec,150,Automatic,No Rating,R 349 950
JAECOO,Jaecoo J7,1.6T Vortex,Jaec,5 000,Automatic,Fair Price,R 509 900
JAECOO,Jaecoo J5,1.5T Core,Jaec,1 400,Automatic,No Rating,R 349 900
JAECOO,Jaecoo J5,1.5T Core,Jaec,50,Automatic,No Rating,R 339 900
JAECOO,Jaecoo J5,1.5T Glacier,Jaec,Automa,Petrol,No Rating,R 385 800
JAECOO,Jaecoo J7,1.6T Inferno AWD,Jaec,23 282,Automatic,Great Price,R 449 900
JAECOO,Jaecoo J5,1.5T Vortex,Jaec,500,Automatic,No Rating,R 358 995
JAECOO,Jaecoo J7,1.6T Glacier,Jaec,13 000,Automatic,Fair Price,R 449 900
JAECOO,Jaecoo J5,1.5T Vortex,Jaec,110,Automatic,No Rating,R 339 700
JAECOO,Jaecoo J7,1.6T Vortex,Jaec,90,Automatic,No Rating,R 449 700
JAECOO,ined,,ined,,,,
JAECOO,Jaecoo J5,1.5T Core,Jaec,4 523,Automatic,No Rating,R 325 500
JAECOO,Jaecoo J7,1.6T Inferno AWD,Jaec,22 151,Automatic,Fair Price,R 499 950
JAECOO,Jaecoo J7,1.5T SHS,Jaec,24 655,Automatic,Great Price,R 529 900
JAECOO,Jaecoo J7,1.6T Glacier,Jaec,2 970,Automatic,No Rating,R 459 950
JAECOO,,,,,,No Rating,
JAECOO,,,,,,Fair Price,
JAECOO,,,,,,No Rating,
JAECOO,Jaecoo J5,1.5T Glacier,Jaec,140,Automatic,No Rating,R 399 700
JAECOO,Jaecoo J5,1.5T Inferno,Jaec,130,Automatic,No Rating,R 449 700
JAECOO,Jaecoo J5,1.5T Glacier,Jaec,130,Automatic,No Rating,R 399 700
JAECOO,Jaecoo J5,1.5T Vortex,Jaec,140,Automatic,No Rating,R 339 700
JAECOO,Jaecoo J7,1.6T Glacier,Jaec,80,Automatic,No Rating,R 499 700
JAECOO,Jaecoo J7,1.6T Glacier,Jaec,80,Automatic,No Rating,R 499 700
JAECOO,Jaecoo J7,1.6T Glacier,Jaec,80,Automatic,No Rating,R 499 700
JAECOO,Jaecoo J7,1.6T Vortex,Jaec,Automa,Petrol,No Rating,R 448 700
JAECOO,Jaecoo J5,1.5T Glacier,Jaec,Automa,Petrol,No Rating,R 439 900
JAECOO,Jaecoo J7,1.6T Vortex,Jaec,Automa,Petrol,No Rating,R 449 500
JAECOO,,,,,,No Rating,
JAECOO,,,,,,No Rating,
JAECOO,,,,,,No Rating,
JAECOO,Jaecoo J7,1.6T Vortex,Jaec,Automa,Petrol,No Rating,R 449 500
JAECOO,Jaecoo J7,1.6T Vortex,Jaec,Automa,Petrol,No Rating,R 449 500
JAECOO,Jaecoo J7,1.6T Vortex,Jaec,Automa,Petrol,No Rating,R 449 500
JAECOO,Jaecoo J7,1.6T Vortex,Jaec,Automa,Petrol,No Rating,R 449 500
JAECOO,ined,,ined,,,,
JAECOO,Jaecoo J7,1.6T Glacier,Jaec,1 206,Automatic,Great Price,R 469 900
JAECOO,Jaecoo J7,1.6T Glacier,Jaec,17 157,Automatic,Fair Price,R 459 900
JAECOO,Jaecoo J7,1.6T Vortex,Jaec,17 829,Automatic,No Rating,R 429 900
JAECOO,Jaecoo J7,1.6T Glacier,Jaec,36 731,Automatic,No Rating,R 439 900
JAECOO,Jaecoo J5,1.5T Inferno,Jaec,Automa,Petrol,No Rating,R 454 900
JAECOO,Jaecoo J5,1.5T Vortex,Jaec,Automa,Petrol,No Rating,R 338 900
JAECOO,Jaecoo J7,1.5T SHS,Jaec,Automa,Hybrid,No Rating,R 639 900
JAECOO,Jaecoo J7,1.6T Vortex,Jaec,Automa,Petrol,No Rating,R 448 800
JAECOO,Jaecoo J5,1.5T Glacier,Jaec,Automa,Petrol,No Rating,R 409 800
JAECOO,Jaecoo J7,1.6T Inferno AWD,Jaec,102,Automatic,Great Price,R 569 900
JAECOO,Jaecoo J7,1.6T Vortex,Jaec,15 000,Automatic,No Rating,R 429 900
JAECOO,,,,,,No Rating,
JAECOO,,,,,,No Rating,
JAECOO,,,,,,No Rating,
JAECOO,Jaecoo J7,1.5T SHS,Jaec,Automa,Hybrid,No Rating,R 649 790
JAECOO,Jaecoo J5,1.5T Vortex,Jaec,12 424,Automatic,No Rating,R 304 900
JAECOO,Jaecoo J7,1.6T Vortex,Jaec,Automa,Petrol,No Rating,R 464 700
JAECOO,Jaecoo J7,1.6T Glacier,Jaec,Automa,Petrol,No Rating,R 514 900
JAECOO,Jaecoo J5,1.5T Glacier,Jaec,Automa,Petrol,No Rating,R 399 600
JAECOO,Jaecoo J5,1.5T Glacier,Jaec,100,Automatic,No Rating,R 399 900
JAECOO,Jaecoo J5,1.5T Glacier,Jaec,100,Automatic,No Rating,R 399 900
JAECOO,Jaecoo J5,1.5T Glacier,Jaec,Automa,Petrol,No Rating,R 399 600
JAECOO,Jaecoo J5,1.5T Vortex,Jaec,Automa,Petrol,No Rating,R 358 900
JAECOO,Jaecoo J7,1.6T Vortex,Jaec,1 500,Automatic,No Rating,R 479 995
JAECOO,ined,,ined,,,,
JAECOO,,,,,,No Rating,
JAECOO,,,,,,No Rating,
JAECOO,,,,,,No Rating,
JAECOO,Jaecoo J7,1.6T Glacier,Jaec,Automa,Petrol,No Rating,R 514 900
JAECOO,Jaecoo J7,1.6T Glacier,Jaec,Automa,Petrol,No Rating,R 514 900
JAECOO,Jaecoo J7,1.6T Glacier,Jaec,2 334,Automatic,Great Price,R 489 700
JAECOO,Jaecoo J7,1.6T Inferno AWD,Jaec,3 248,Automatic,Great Price,R 449 700
JAECOO,Jaecoo J7,1.5T SHS,Jaec,Automa,Hybrid,No Rating,R 669 900
JAECOO,Jaecoo J7,1.5T SHS,Jaec,Automa,Hybrid,No Rating,R 663 212
JAECOO,Jaecoo J7,1.5T SHS,Jaec,Automa,Hybrid,No Rating,R 669 900
JAECOO,Jaecoo J7,1.6T Glacier,Jaec,13 000,Automatic,Great Price,R 439 000
JAECOO,Jaecoo J7,1.6T Inferno AWD,Jaec,60,Automatic,Fair Price,R 609 700
JAECOO,Jaecoo J5,1.5T Inferno,Jaec,1 000,Automatic,No Rating,R 459 900
JAECOO,Jaecoo J7,1.6T Glacier,Jaec,Automa,Petrol,No Rating,R 579 900
JAECOO,Jaecoo J5,1.5T Core,Jaec,1 000,Automatic,No Rating,R 319 900
JAECOO,Jaecoo J5,1.5T Vortex,Jaec,50,Automatic,No Rating,R 369 950
JAECOO,Jaecoo J7,1.6T Vortex,Jaec,969,Automatic,No Rating,R 495 700
JAECOO,Jaecoo J7,1.5T SHS,Jaec,2 117,Automatic,Great Price,R 599 900
JAECOO,,,,,,No Rating,
JAECOO,,,,,,No Rating,
JAECOO,,,,,,No Rating,
JAECOO,Jaecoo J5,1.5T Inferno,Jaec,Automa,Petrol,No Rating,R 449 900
JAECOO,ined,,ined,,,,
JAECOO,Jaecoo J7,1.6T Vortex,Jaec,9 200,Automatic,Great Price,R 429 900
JAECOO,Jaecoo J7,1.6T Glacier,Jaec,8 000,Automatic,Fair Price,R 489 995
JAECOO,Jaecoo J5,1.5T Glacier,Jaec,1 252,Automatic,No Rating,R 439 899
JAECOO,Jaecoo J5,1.5T Core,Jaec,100,Automatic,No Rating,R 319 900
JAECOO,Jaecoo J7,1.6T Vortex,Jaec,3 917,Automatic,No Rating,R 485 900
JAECOO,Jaecoo J7,1.6T Glacier,Jaec,4 920,Automatic,Fair Price,R 489 900
JAECOO,Jaecoo J7,1.6T Vortex,Jaec,100,Automatic,No Rating,R 489 900
JAECOO,Jaecoo J5,1.5T Glacier,Jaec,1 000,Automatic,No Rating,R 399 900
JAECOO,Jaecoo J7,1.6T Inferno AWD,Jaec,100,Automatic,No Rating,R 619 900
JAECOO,,,,,,No Rating,
JAECOO,,,,,,No Rating,
JAECOO,,,,,,Fair Price,
JAECOO,Jaecoo J5,1.5T Glacier,Jaec,3 438,Automatic,No Rating,R 419 900
JAECOO,Jaecoo J7,1.5T SHS,Jaec,7 481,Automatic,No Rating,R 599 900
JAECOO,Jaecoo J5,1.5T Inferno,Jaec,Automa,Petrol,No Rating,R 449 900
JAECOO,Jaecoo J5,1.5T Vortex,Jaec,Automa,Petrol,No Rating,R 349 900
JAECOO,Jaecoo J5,1.5T Glacier,Jaec,4 200,Automatic,No Rating,R 419 995
JAECOO,Jaecoo J7,1.6T Vortex,Jaec,14 500,Automatic,Fair Price,R 439 900
JAECOO,Jaecoo J7,1.6T Vortex,Jaec,8 500,Automatic,Great Price,R 409 900
JAECOO,Jaecoo J7,1.6T Vortex,Jaec,192,Automatic,Fair Price,R 469 700
JAECOO,Jaecoo J7,1.6T Vortex,Jaec,Automa,Petrol,No Rating,R 505 900
JAECOO,Jaecoo J7,1.6T Vortex,Jaec,200,Automatic,Great Price,R 429 700
JAECOO,Jaecoo J7,1.6T Glacier,Jaec,Automa,Petrol,No Rating,R 529 900
JAECOO,Jaecoo J5,1.5T Glacier,Jaec,Automa,Petrol,No Rating,R 396 900
JAECOO,Jaecoo J5,1.5T Glacier,Jaec,Automa,Petrol,No Rating,R 399 900
JAECOO,Jaecoo J7,1.5T SHS,Jaec,Automa,Hybrid,No Rating,R 637 758
JAECOO,Jaecoo J5,1.5T Core,Jaec,44,Automatic,No Rating,R 309 999
JAECOO,,,,,,No Rating,
JAECOO,,,,,,No Rating,
JAECOO,,,,,,No Rating,
JAECOO,Jaecoo J5,1.5T Glacier,Jaec,Automa,Petrol,No Rating,R 391 900
JAECOO,Jaecoo J7,1.5T SHS,Jaec,13 500,Automatic,High Price,R 657 700
JAECOO,Jaecoo J7,1.6T Vortex,Jaec,1 500,Automatic,No Rating,R 494 700
JAECOO,Jaecoo J7,1.6T Vortex,Jaec,1 600,Automatic,No Rating,R 494 700
JAECOO,Jaecoo J5,1.5T Glacier,Jaec,1 700,Automatic,No Rating,R 389 700
JAECOO,Jaecoo J5,1.5T Glacier,Jaec,1 800,Automatic,No Rating,R 389 700
JAECOO,Jaecoo J5,1.5T Glacier,Jaec,1 900,Automatic,No Rating,R 389 700
JAECOO,Jaecoo J5,1.5T Vortex,Jaec,100,Automatic,No Rating,R 359 900
JAECOO,Jaecoo J7,1.6T Vortex,Jaec,10,Automatic,No Rating,R 489 900
JAECOO,Jaecoo J7,1.6T Glacier,Jaec,Automa,Petrol,No Rating,R 539 900
JAECOO,ined,,ined,,,,
JAECOO,,,,,,No Rating,
JAECOO,,,,,,No Rating,
JAECOO,,,,,,No Rating,
JAECOO,Jaecoo J7,1.5T SHS,Jaec,5 500,Automatic,Fair Price,R 639 900
JAECOO,Jaecoo J7,1.6T Vortex,Jaec,300,Automatic,Great Price,R 429 700
JAECOO,Jaecoo J7,1.6T Inferno AWD,Jaec,19 988,Automatic,Fair Price,R 499 800
JAECOO,Jaecoo J5,1.5T Inferno,Jaec,Automa,Petrol,No Rating,R 479 900
JAECOO,Jaecoo J5,1.5T Glacier,Jaec,Automa,Petrol,No Rating,R 409 900
